match_id,innings,bowler,runs_conceded,wickets_taken,dots_bowled,fours_conceded,sixes_conceded,bowling_team,opposition_team,overs_bowled,economy_rate
202501,1,Hazlewood,23,2,15,3,1,RCB,KKR,4.0,5.75
202501,1,Krunal Pandya,29,3,8,2,1,RCB,KKR,4.0,7.25
202501,1,Livingstone,14,0,2,1,0,RCB,KKR,2.0,7.0
202501,1,Rasikh Salam,36,1,8,3,3,RCB,KKR,3.0,12.0
202501,1,Suyash Sharma,47,1,8,6,2,RCB,KKR,4.0,11.75
202501,1,Yash Dayal,25,1,7,3,1,RCB,KKR,3.0,8.333333333333334
202501,2,Harshit Rana,32,0,4,5,0,KKR,RCB,3.0,10.666666666666666
202501,2,Narine,28,1,4,1,1,KKR,RCB,4.0,7.0
202501,2,Spencer Johnson,32,0,6,3,3,KKR,RCB,2.2,13.714285714285714
202501,2,Vaibhav Arora,42,1,4,7,1,KKR,RCB,3.0,14.0
202501,2,Varun Chakaravarthy,43,1,7,5,2,KKR,RCB,4.0,10.75
202502,1,Fazalhaq Farooqi,49,0,3,6,3,RR,SRH,3.0,16.333333333333332
202502,1,Jofra Archer,80,0,1,10,4,RR,SRH,4.0,20.0
202502,1,Nitish Rana,9,0,0,1,0,RR,SRH,1.0,9.0
202502,1,Sandeep Sharma,51,1,5,4,3,RR,SRH,4.0,12.75
202502,1,Theekshana,52,2,8,8,1,RR,SRH,4.0,13.0
202502,1,Tushar Deshpande,44,3,7,5,1,RR,SRH,4.0,11.0
202502,2,Abhishek Sharma,17,0,6,2,1,SRH,RR,2.0,8.5
202502,2,Cummins,60,0,4,3,5,SRH,RR,4.0,15.0
202502,2,Harshal Patel,34,2,7,0,3,SRH,RR,4.0,8.5
202502,2,Shami,33,1,8,5,1,SRH,RR,3.0,11.0
202502,2,Simarjeet Singh,50,2,7,5,4,SRH,RR,3.0,16.666666666666668
202502,2,Zampa,48,1,7,3,4,SRH,RR,4.0,12.0
202503,1,Ashwin,31,1,6,4,0,CSK,MI,4.0,7.75
202503,1,Jadeja,21,0,8,0,2,CSK,MI,3.0,7.0
202503,1,Khaleel Ahmed,29,3,15,3,2,CSK,MI,4.0,7.25
202503,1,Nathan Ellis,39,1,5,3,1,CSK,MI,4.0,9.75
202503,1,Noor Ahmad,22,4,11,1,0,CSK,MI,4.0,5.5
202503,1,Sam Curran,13,0,2,3,0,CSK,MI,1.0,13.0
202503,2,Boult,27,0,4,3,0,MI,CSK,3.0,9.0
202503,2,Chahar,18,1,5,2,1,MI,CSK,2.0,9.0
202503,2,Naman Dhir,12,1,7,0,0,MI,CSK,3.0,4.0
202503,2,Santner,24,0,5,2,2,MI,CSK,2.1,11.076923076923078
202503,2,Satyanarayana Raju,13,0,0,2,0,MI,CSK,1.0,13.0
202503,2,Vignesh Puthur,32,3,9,0,3,MI,CSK,4.0,8.0
202503,2,Will Jacks,32,1,7,0,2,MI,CSK,4.0,8.0
202504,1,Axar,18,0,7,2,0,DC,LSG,3.0,6.0
202504,1,Kuldeep Yadav,21,3,14,2,1,DC,LSG,4.0,5.25
202504,1,Mitchell Starc,42,3,9,4,3,DC,LSG,4.0,10.5
202504,1,Mohit Sharma,43,0,6,2,2,DC,LSG,4.0,10.75
202504,1,Mukesh Kumar,22,1,4,1,2,DC,LSG,2.0,11.0
202504,1,Stubbs,28,0,1,1,4,DC,LSG,1.0,28.0
202504,1,Vipraj Nigam,35,1,3,2,4,DC,LSG,2.0,17.5
202504,2,Digvesh Rathi,31,2,10,4,0,LSG,DC,4.0,7.75
202504,2,M Siddharth,39,2,9,3,3,LSG,DC,4.0,9.75
202504,2,Prince Yadav,47,1,5,5,2,LSG,DC,4.0,11.75
202504,2,Ravi Bishnoi,53,2,8,4,5,LSG,DC,4.0,13.25
202504,2,Shahbaz Ahmed,22,0,1,1,2,LSG,DC,1.3,14.666666666666666
202504,2,Thakur,19,2,5,2,1,LSG,DC,2.0,9.5
202505,1,Arshad Khan,21,0,1,3,1,GT,PBKS,1.0,21.0
202505,1,Prasidh,41,0,6,4,3,GT,PBKS,3.0,13.666666666666666
202505,1,Rabada,41,1,7,5,1,GT,PBKS,4.0,10.25
202505,1,Rashid Khan,49,1,7,2,5,GT,PBKS,4.0,12.25
202505,1,Sai Kishore,30,3,12,1,3,GT,PBKS,4.0,7.5
202505,1,Siraj,60,0,7,8,3,GT,PBKS,4.0,15.0
202505,2,Arshdeep Singh,36,3,11,2,3,PBKS,GT,4.0,9.0
202505,2,Azmatullah,29,0,3,1,3,PBKS,GT,2.0,14.5
202505,2,Chahal,35,0,3,3,2,PBKS,GT,3.0,11.666666666666666
202505,2,Marco Jansen,46,1,4,4,2,PBKS,GT,4.0,11.5
202505,2,Maxwell,27,1,2,1,2,PBKS,GT,2.0,13.5
202505,2,Stoinis,31,0,3,2,3,PBKS,GT,2.0,15.5
202505,2,Vijaykumar Vyshak,27,0,7,2,1,PBKS,GT,3.0,9.0
202506,1,Harshit Rana,36,2,11,4,2,KKR,RR,4.0,9.0
202506,1,Moeen Ali,23,2,5,1,0,KKR,RR,4.0,5.75
202506,1,Spencer Johnson,41,1,9,4,2,KKR,RR,4.0,10.25
202506,1,Vaibhav Arora,33,2,9,2,2,KKR,RR,4.0,8.25
202506,1,Varun Chakaravarthy,17,2,13,0,1,KKR,RR,4.0,4.25
202506,2,Hasaranga,34,1,2,4,1,RR,KKR,3.0,11.333333333333334
202506,2,Jofra Archer,32,0,7,2,3,RR,KKR,2.3,12.8
202506,2,Nitish Rana,9,0,0,1,0,RR,KKR,1.0,9.0
202506,2,Riyan Parag,26,1,6,1,1,RR,KKR,4.0,6.5
202506,2,Sandeep Sharma,11,0,4,1,0,RR,KKR,2.0,5.5
202506,2,Theekshana,33,0,10,1,2,RR,KKR,4.0,8.25
202506,2,Tushar Deshpande,7,0,2,1,0,RR,KKR,1.0,7.0
202507,1,Avesh Khan,45,1,5,3,3,LSG,SRH,4.0,11.25
202507,1,Digvesh Rathi,40,1,8,1,3,LSG,SRH,4.0,10.0
202507,1,Prince Yadav,28,2,7,2,0,LSG,SRH,4.0,7.0
202507,1,Ravi Bishnoi,42,1,8,1,4,LSG,SRH,4.0,10.5
202507,1,Thakur,33,4,11,3,2,LSG,SRH,4.0,8.25
202507,2,Abhishek Sharma,20,0,5,1,2,SRH,LSG,2.0,10.0
202507,2,Cummins,29,2,9,5,0,SRH,LSG,3.0,9.666666666666666
202507,2,Harshal Patel,27,1,2,3,1,SRH,LSG,2.0,13.5
202507,2,Ishan Kishan,4,0,0,1,0,SRH,LSG,0.1,24.0
202507,2,Shami,38,1,4,3,2,SRH,LSG,3.0,12.666666666666666
202507,2,Simarjeet Singh,28,0,5,2,3,SRH,LSG,2.0,14.0
202507,2,Zampa,46,1,3,3,3,SRH,LSG,4.0,11.5
202508,1,Ashwin,22,1,3,2,1,CSK,RCB,2.0,11.0
202508,1,Jadeja,37,0,5,4,2,CSK,RCB,3.0,12.333333333333334
202508,1,Khaleel Ahmed,29,1,12,5,0,CSK,RCB,4.0,7.25
202508,1,Noor Ahmad,36,3,7,1,3,CSK,RCB,4.0,9.0
202508,1,Pathirana,37,2,9,3,2,CSK,RCB,4.0,9.25
202508,1,Sam Curran,35,0,7,0,4,CSK,RCB,3.0,11.666666666666666
202508,2,Bhuvneshwar,20,1,9,3,0,RCB,CSK,3.0,6.666666666666667
202508,2,Hazlewood,21,3,15,4,0,RCB,CSK,4.0,5.25
202508,2,Krunal Pandya,26,0,4,2,2,RCB,CSK,2.0,13.0
202508,2,Livingstone,28,2,5,2,0,RCB,CSK,4.0,7.0
202508,2,Suyash Sharma,33,0,9,2,2,RCB,CSK,4.0,8.25
202508,2,Yash Dayal,18,2,6,2,0,RCB,CSK,3.0,6.0
202509,1,Boult,34,1,6,3,1,MI,GT,4.0,8.5
202509,1,Chahar,39,2,9,2,2,MI,GT,4.0,9.75
202509,1,Hardik Pandya,28,2,8,1,1,MI,GT,4.0,7.0
202509,1,Mujeeb,28,1,4,3,1,MI,GT,2.0,14.0
202509,1,Santner,25,0,5,2,1,MI,GT,3.0,8.333333333333334
202509,1,Satyanarayana Raju,41,2,3,2,3,MI,GT,3.0,13.666666666666666
202509,2,Ishant,17,0,5,1,1,GT,MI,2.0,8.5
202509,2,Prasidh,18,2,14,2,0,GT,MI,4.0,4.5
202509,2,Rabada,42,1,6,4,2,GT,MI,4.0,10.5
202509,2,Rashid Khan,10,0,4,0,0,GT,MI,2.0,5.0
202509,2,Sai Kishore,37,1,6,2,2,GT,MI,4.0,9.25
202509,2,Siraj,36,2,10,3,2,GT,MI,4.0,9.0
202510,1,Axar,43,0,7,2,4,DC,SRH,4.0,10.75
202510,1,Kuldeep Yadav,22,3,13,0,2,DC,SRH,4.0,5.5
202510,1,Mitchell Starc,35,6,12,4,1,DC,SRH,3.4,9.545454545454545
202510,1,Mohit Sharma,25,1,4,3,0,DC,SRH,3.0,8.333333333333334
202510,1,Mukesh Kumar,17,0,3,2,0,DC,SRH,2.0,8.5
202510,1,Vipraj Nigam,21,0,2,1,1,DC,SRH,2.0,10.5
202510,2,Abhishek Sharma,27,0,4,1,2,SRH,DC,3.0,9.0
202510,2,Cummins,27,0,2,3,1,SRH,DC,2.0,13.5
202510,2,Harshal Patel,19,0,6,1,0,SRH,DC,3.0,6.333333333333333
202510,2,Mulder,16,0,1,2,1,SRH,DC,1.0,16.0
202510,2,Shami,35,0,6,4,2,SRH,DC,3.0,11.666666666666666
202510,2,Zeeshan Ansari,42,3,5,4,2,SRH,DC,4.0,10.5
202511,1,Ashwin,46,1,6,4,3,CSK,RR,4.0,11.5
202511,1,Jadeja,10,1,3,0,0,CSK,RR,2.0,5.0
202511,1,Jamie Overton,30,0,2,3,2,CSK,RR,2.0,15.0
202511,1,Khaleel Ahmed,39,3,11,5,2,CSK,RR,4.0,9.75
202511,1,Noor Ahmad,28,2,9,2,1,CSK,RR,4.0,7.0
202511,1,Pathirana,29,2,10,1,1,CSK,RR,4.0,7.25
202511,2,Hasaranga,36,4,11,1,4,RR,CSK,4.0,9.0
202511,2,Jofra Archer,13,1,13,1,1,RR,CSK,3.0,4.333333333333333
202511,2,Kartikeya,10,0,2,2,0,RR,CSK,1.0,10.0
202511,2,Sandeep Sharma,42,1,2,4,1,RR,CSK,4.0,10.5
202511,2,Theekshana,30,0,4,2,0,RR,CSK,4.0,7.5
202511,2,Tushar Deshpande,45,0,8,4,2,RR,CSK,4.0,11.25
202512,1,Ashwani Kumar,25,4,9,3,1,MI,KKR,3.0,8.333333333333334
202512,1,Boult,23,1,14,0,2,MI,KKR,4.0,5.75
202512,1,Chahar,19,2,6,4,0,MI,KKR,2.0,9.5
202512,1,Hardik Pandya,10,1,6,1,0,MI,KKR,2.0,5.0
202512,1,Santner,18,1,11,0,1,MI,KKR,3.2,5.3999999999999995
202512,1,Vignesh Puthur,21,1,4,1,2,MI,KKR,2.0,10.5
202512,2,Harshit Rana,28,0,5,2,2,KKR,MI,2.0,14.0
202512,2,Narine,32,0,5,1,3,KKR,MI,3.0,10.666666666666666
202512,2,Russell,35,2,4,2,3,KKR,MI,2.5,12.352941176470587
202512,2,Spencer Johnson,14,0,7,1,1,KKR,MI,2.0,7.0
202512,2,Varun Chakaravarthy,12,0,9,1,0,KKR,MI,3.0,4.0
202513,1,Arshdeep Singh,43,3,8,6,1,PBKS,LSG,4.0,10.75
202513,1,Chahal,36,1,8,3,2,PBKS,LSG,4.0,9.0
202513,1,Ferguson,27,1,6,1,2,PBKS,LSG,3.0,9.0
202513,1,Marco Jansen,28,1,9,0,2,PBKS,LSG,4.0,7.0
202513,1,Maxwell,22,1,8,4,0,PBKS,LSG,3.0,7.333333333333333
202513,1,Stoinis,15,0,5,1,1,PBKS,LSG,2.0,7.5
202513,2,Abdul Samad,6,0,1,0,1,LSG,PBKS,0.2,18.0
202513,2,Avesh Khan,30,0,5,2,2,LSG,PBKS,3.0,10.0
202513,2,Digvesh Rathi,30,2,10,5,0,LSG,PBKS,4.0,7.5
202513,2,M Siddharth,29,0,2,2,1,LSG,PBKS,3.0,9.666666666666666
202513,2,Ravi Bishnoi,43,0,6,5,3,LSG,PBKS,3.0,14.333333333333334
202513,2,Thakur,39,0,6,2,4,LSG,PBKS,3.0,13.0
202514,1,Arshad Khan,18,1,5,3,0,GT,RCB,2.0,9.0
202514,1,Ishant,27,1,4,4,1,GT,RCB,2.0,13.5
202514,1,Prasidh,27,1,12,3,1,GT,RCB,4.0,6.75
202514,1,Rashid Khan,54,0,6,3,5,GT,RCB,4.0,13.5
202514,1,Sai Kishore,22,2,11,1,1,GT,RCB,4.0,5.5
202514,1,Siraj,21,3,12,1,1,GT,RCB,4.0,5.25
202514,2,Bhuvneshwar,25,1,10,0,2,RCB,GT,4.0,6.25
202514,2,Hazlewood,43,1,10,3,4,RCB,GT,3.5,11.217391304347826
202514,2,Krunal Pandya,35,0,2,3,2,RCB,GT,3.0,11.666666666666666
202514,2,Livingstone,12,0,2,1,1,RCB,GT,1.0,12.0
202514,2,Rasikh Salam,35,0,5,4,2,RCB,GT,3.0,11.666666666666666
202514,2,Yash Dayal,20,0,7,3,0,RCB,GT,3.0,6.666666666666667
202515,1,Cummins,46,1,9,3,4,SRH,KKR,4.0,11.5
202515,1,Harshal Patel,43,2,6,6,1,SRH,KKR,4.0,10.75
202515,1,Kamindu Mendis,4,1,2,0,0,SRH,KKR,1.0,4.0
202515,1,Shami,34,1,9,4,1,SRH,KKR,4.0,8.5
202515,1,Simarjeet Singh,48,0,6,3,4,SRH,KKR,4.0,12.0
202515,1,Zeeshan Ansari,25,1,6,2,1,SRH,KKR,3.0,8.333333333333334
202515,2,Harshit Rana,15,1,9,1,0,KKR,SRH,3.0,5.0
202515,2,Narine,33,1,7,1,2,KKR,SRH,4.0,8.25
202515,2,Russell,21,2,3,1,2,KKR,SRH,1.4,12.600000000000001
202515,2,Vaibhav Arora,29,3,12,4,1,KKR,SRH,4.0,7.25
202515,2,Varun Chakaravarthy,22,3,11,2,0,KKR,SRH,4.0,5.5
202516,1,Ashwani Kumar,39,1,5,4,2,MI,LSG,3.0,13.0
202516,1,Boult,28,1,8,4,1,MI,LSG,3.0,9.333333333333334
202516,1,Chahar,23,0,2,3,0,MI,LSG,2.0,11.5
202516,1,Hardik Pandya,36,5,10,2,2,MI,LSG,4.0,9.0
202516,1,Santner,46,0,5,7,1,MI,LSG,4.0,11.5
202516,1,Vignesh Puthur,31,1,8,1,2,MI,LSG,4.0,7.75
202516,2,Akash Deep,46,1,7,5,2,LSG,MI,4.0,11.5
202516,2,Avesh Khan,40,1,8,4,2,LSG,MI,4.0,10.0
202516,2,Digvesh Rathi,25,1,7,2,0,LSG,MI,4.0,6.25
202516,2,Ravi Bishnoi,40,0,4,6,0,LSG,MI,4.0,10.0
202516,2,Thakur,40,2,3,3,1,LSG,MI,4.0,10.0
202517,1,Ashwin,21,0,4,2,0,CSK,DC,3.0,7.0
202517,1,Jadeja,19,1,4,0,2,CSK,DC,2.0,9.5
202517,1,Khaleel Ahmed,25,2,9,1,1,CSK,DC,4.0,6.25
202517,1,Mukesh Choudhary,50,0,6,7,2,CSK,DC,4.0,12.5
202517,1,Noor Ahmad,36,1,2,3,2,CSK,DC,3.0,12.0
202517,1,Pathirana,32,2,4,2,0,CSK,DC,4.0,8.0
202517,2,Axar,5,0,1,0,0,DC,CSK,1.0,5.0
202517,2,Kuldeep Yadav,30,1,4,2,0,DC,CSK,4.0,7.5
202517,2,Mitchell Starc,31,1,11,3,0,DC,CSK,4.0,7.75
202517,2,Mohit Sharma,27,0,3,2,0,DC,CSK,3.0,9.0
202517,2,Mukesh Kumar,38,1,3,1,2,DC,CSK,4.0,9.5
202517,2,Vipraj Nigam,27,2,9,2,1,DC,CSK,4.0,6.75
202518,1,Arshdeep Singh,35,1,10,5,0,PBKS,RR,4.0,8.75
202518,1,Chahal,32,0,2,2,1,PBKS,RR,3.0,10.666666666666666
202518,1,Ferguson,37,2,10,3,2,PBKS,RR,4.0,9.25
202518,1,Marco Jansen,46,1,6,2,4,PBKS,RR,4.0,11.5
202518,1,Maxwell,6,0,3,1,0,PBKS,RR,1.0,6.0
202518,1,Stoinis,49,0,3,4,3,PBKS,RR,4.0,12.25
202518,2,Hasaranga,37,1,3,1,2,RR,PBKS,4.0,9.25
202518,2,Jofra Archer,30,3,12,5,0,RR,PBKS,4.0,7.5
202518,2,Kartikeya,21,1,4,1,2,RR,PBKS,2.0,10.5
202518,2,Sandeep Sharma,21,2,8,1,0,RR,PBKS,4.0,5.25
202518,2,Theekshana,26,2,9,2,0,RR,PBKS,4.0,6.5
202518,2,Yudhvir Singh,18,0,5,3,0,RR,PBKS,2.0,9.0
202519,1,Ishant,53,0,5,9,1,GT,SRH,4.0,13.25
202519,1,Prasidh,26,2,8,2,0,GT,SRH,4.0,6.5
202519,1,Rashid Khan,31,0,9,3,1,GT,SRH,4.0,7.75
202519,1,Sai Kishore,25,2,6,2,0,GT,SRH,4.0,6.25
202519,1,Siraj,17,4,17,3,0,GT,SRH,4.0,4.25
202519,2,Abhishek Sharma,18,0,1,4,0,SRH,GT,1.0,18.0
202519,2,Cummins,26,1,8,2,1,SRH,GT,3.4,7.090909090909091
202519,2,Kamindu Mendis,12,0,1,2,0,SRH,GT,1.0,12.0
202519,2,Shami,28,2,10,4,0,SRH,GT,4.0,7.0
202519,2,Simarjeet Singh,20,0,2,2,2,SRH,GT,1.0,20.0
202519,2,Unadkat,16,0,2,2,0,SRH,GT,2.0,8.0
202519,2,Zeeshan Ansari,33,0,4,4,0,SRH,GT,4.0,8.25
202520,1,Boult,57,2,8,6,4,MI,RCB,4.0,14.25
202520,1,Bumrah,29,0,5,0,2,MI,RCB,4.0,7.25
202520,1,Chahar,29,0,2,2,2,MI,RCB,2.0,14.5
202520,1,Hardik Pandya,46,2,7,5,2,MI,RCB,4.0,11.5
202520,1,Santner,40,0,6,3,2,MI,RCB,4.0,10.0
202520,1,Vignesh Puthur,10,1,1,0,1,MI,RCB,1.0,10.0
202520,1,Will Jacks,10,0,2,2,0,MI,RCB,1.0,10.0
202520,2,Bhuvneshwar,48,1,9,5,3,RCB,MI,4.0,12.0
202520,2,Hazlewood,37,2,12,3,3,RCB,MI,4.0,9.25
202520,2,Krunal Pandya,44,4,8,5,2,RCB,MI,4.0,11.0
202520,2,Suyash Sharma,33,0,10,4,1,RCB,MI,4.0,8.25
202520,2,Yash Dayal,46,2,8,4,3,RCB,MI,4.0,11.5
202521,1,Harshit Rana,52,2,4,4,4,KKR,LSG,4.0,13.0
202521,1,Narine,39,0,5,2,3,KKR,LSG,3.0,13.0
202521,1,Russell,32,1,4,3,3,KKR,LSG,2.0,16.0
202521,1,Spencer Johnson,46,0,3,6,2,KKR,LSG,3.0,15.333333333333334
202521,1,Vaibhav Arora,34,0,9,2,1,KKR,LSG,4.0,8.5
202521,1,Varun Chakaravarthy,34,0,7,1,2,KKR,LSG,4.0,8.5
202521,2,Akash Deep,55,2,9,6,3,LSG,KKR,4.0,13.75
202521,2,Avesh Khan,45,1,10,5,3,LSG,KKR,4.0,11.25
202521,2,Digvesh Rathi,35,1,6,4,0,LSG,KKR,4.0,8.75
202521,2,Ravi Bishnoi,47,1,8,6,2,LSG,KKR,4.0,11.75
202521,2,Thakur,47,2,9,6,2,LSG,KKR,4.0,11.75
202522,1,Ashwin,48,2,7,1,5,CSK,PBKS,4.0,12.0
202522,1,Jadeja,18,0,7,1,0,CSK,PBKS,3.0,6.0
202522,1,Khaleel Ahmed,47,2,8,3,3,CSK,PBKS,4.0,11.75
202522,1,Mukesh Choudhary,21,1,5,3,1,CSK,PBKS,2.0,10.5
202522,1,Noor Ahmad,33,1,3,2,2,CSK,PBKS,3.0,11.0
202522,1,Pathirana,52,0,4,1,5,CSK,PBKS,4.0,13.0
202522,2,Arshdeep Singh,39,0,6,5,1,PBKS,CSK,4.0,9.75
202522,2,Chahal,9,0,0,0,0,PBKS,CSK,1.0,9.0
202522,2,Ferguson,48,3,8,1,4,PBKS,CSK,4.1,11.52
202522,2,Marco Jansen,50,0,2,4,2,PBKS,CSK,4.0,12.5
202522,2,Maxwell,11,1,4,1,0,PBKS,CSK,2.0,5.5
202522,2,Stoinis,10,0,2,0,1,PBKS,CSK,1.0,10.0
202522,2,Yash Thakur,40,1,7,5,1,PBKS,CSK,4.0,10.0
202523,1,Fazalhaq Farooqi,38,0,8,5,1,RR,GT,4.0,9.5
202523,1,Jofra Archer,31,1,9,2,1,RR,GT,4.0,7.75
202523,1,Sandeep Sharma,41,1,6,3,2,RR,GT,4.0,10.25
202523,1,Theekshana,54,2,5,6,2,RR,GT,4.0,13.5
202523,1,Tushar Deshpande,53,2,7,4,3,RR,GT,4.0,13.25
202523,2,Arshad Khan,19,1,5,2,1,GT,RR,2.0,9.5
202523,2,Khejroliya,29,1,4,3,1,GT,RR,3.0,9.666666666666666
202523,2,Prasidh,24,3,12,2,1,GT,RR,4.0,6.0
202523,2,Rashid Khan,37,2,6,2,2,GT,RR,4.0,9.25
202523,2,Sai Kishore,20,2,3,0,1,GT,RR,2.2,8.571428571428571
202523,2,Siraj,29,1,15,2,2,GT,RR,4.0,7.25
202524,1,Axar,52,1,8,3,5,DC,RCB,4.0,13.0
202524,1,Kuldeep Yadav,17,2,11,1,0,DC,RCB,4.0,4.25
202524,1,Mitchell Starc,40,0,7,3,2,DC,RCB,3.0,13.333333333333334
202524,1,Mohit Sharma,10,1,5,1,0,DC,RCB,2.0,5.0
202524,1,Mukesh Kumar,25,1,10,1,2,DC,RCB,3.0,8.333333333333334
202524,1,Vipraj Nigam,18,2,12,0,1,DC,RCB,4.0,4.5
202524,2,Bhuvneshwar,26,2,12,4,0,RCB,DC,4.0,6.5
202524,2,Hazlewood,40,0,2,4,2,RCB,DC,3.0,13.333333333333334
202524,2,Krunal Pandya,19,0,1,1,1,RCB,DC,2.0,9.5
202524,2,Livingstone,14,0,0,1,1,RCB,DC,1.0,14.0
202524,2,Suyash Sharma,25,1,12,2,1,RCB,DC,4.0,6.25
202524,2,Yash Dayal,45,1,5,3,2,RCB,DC,3.5,11.739130434782608
202525,1,Harshit Rana,16,2,17,2,0,KKR,CSK,4.0,4.0
202525,1,Moeen Ali,20,1,11,0,1,KKR,CSK,4.0,5.0
202525,1,Narine,14,3,11,0,0,KKR,CSK,4.0,3.5
202525,1,Vaibhav Arora,31,1,10,4,0,KKR,CSK,4.0,7.75
202525,1,Varun Chakaravarthy,22,2,11,2,0,KKR,CSK,4.0,5.5
202525,2,Anshul Kamboj,19,1,4,1,1,CSK,KKR,2.0,9.5
202525,2,Ashwin,31,0,6,1,3,CSK,KKR,3.0,10.333333333333334
202525,2,Jadeja,9,0,0,0,1,CSK,KKR,0.1,54.0
202525,2,Khaleel Ahmed,40,0,8,1,5,CSK,KKR,3.0,13.333333333333334
202525,2,Noor Ahmad,8,1,7,1,0,CSK,KKR,2.0,4.0
202526,1,Akash Deep,33,0,4,5,0,LSG,GT,3.0,11.0
202526,1,Avesh Khan,32,1,6,3,1,LSG,GT,4.0,8.0
202526,1,Digvesh Rathi,30,1,5,3,0,LSG,GT,4.0,7.5
202526,1,Markram,15,0,0,1,1,LSG,GT,1.0,15.0
202526,1,Ravi Bishnoi,36,2,6,3,0,LSG,GT,4.0,9.0
202526,1,Thakur,34,2,9,3,1,LSG,GT,4.0,8.5
202526,2,Arshad Khan,11,0,7,2,0,GT,LSG,2.0,5.5
202526,2,Prasidh,26,2,11,2,1,GT,LSG,4.0,6.5
202526,2,Rashid Khan,35,1,7,3,1,GT,LSG,4.0,8.75
202526,2,Sai Kishore,35,0,0,2,4,GT,LSG,1.3,23.333333333333332
202526,2,Siraj,50,0,5,6,1,GT,LSG,4.0,12.5
202526,2,Washington Sundar,29,1,9,1,2,GT,LSG,4.0,7.25
202527,1,Cummins,41,0,8,4,2,SRH,PBKS,4.0,10.25
202527,1,Eshan Malinga,46,2,5,5,2,SRH,PBKS,4.0,11.5
202527,1,Harshal Patel,42,4,7,2,2,SRH,PBKS,4.0,10.5
202527,1,Shami,75,0,3,6,7,SRH,PBKS,4.0,18.75
202527,1,Zeeshan Ansari,41,0,4,1,3,SRH,PBKS,4.0,10.25
202527,2,Arshdeep Singh,38,1,10,6,1,PBKS,SRH,4.0,9.5
202527,2,Chahal,56,1,3,4,4,PBKS,SRH,4.0,14.0
202527,2,Ferguson,1,0,1,0,0,PBKS,SRH,0.2,3.0
202527,2,Marco Jansen,39,0,2,6,2,PBKS,SRH,2.0,19.5
202527,2,Maxwell,40,0,3,2,3,PBKS,SRH,3.0,13.333333333333334
202527,2,Shashank Singh,27,0,3,4,1,PBKS,SRH,2.0,13.5
202527,2,Stoinis,6,0,2,1,0,PBKS,SRH,0.4,9.0
202527,2,Yash Thakur,40,0,3,3,3,PBKS,SRH,2.3,16.0
202528,1,Bhuvneshwar,33,1,7,5,0,RCB,RR,4.0,8.25
202528,1,Hazlewood,26,1,7,3,1,RCB,RR,3.0,8.666666666666666
202528,1,Krunal Pandya,29,1,6,2,1,RCB,RR,4.0,7.25
202528,1,Livingstone,8,0,1,1,0,RCB,RR,1.0,8.0
202528,1,Suyash Sharma,40,0,4,4,1,RCB,RR,4.0,10.0
202528,1,Yash Dayal,37,1,8,3,2,RCB,RR,4.0,9.25
202528,2,Hasaranga,33,0,5,3,2,RR,RCB,3.0,11.0
202528,2,Jofra Archer,36,0,11,3,2,RR,RCB,4.0,9.0
202528,2,Kartikeya,25,1,6,0,2,RR,RCB,3.0,8.333333333333334
202528,2,Riyan Parag,10,0,1,1,0,RR,RCB,1.0,10.0
202528,2,Sandeep Sharma,29,0,3,3,1,RR,RCB,2.3,11.6
202528,2,Theekshana,21,0,2,2,1,RR,RCB,2.0,10.5
202528,2,Tushar Deshpande,21,0,3,2,1,RR,RCB,2.0,10.5
202529,1,Axar,19,0,4,2,1,DC,MI,2.0,9.5
202529,1,Kuldeep Yadav,23,2,11,3,0,DC,MI,4.0,5.75
202529,1,Mitchell Starc,43,0,5,8,1,DC,MI,3.0,14.333333333333334
202529,1,Mohit Sharma,41,0,2,2,3,DC,MI,3.0,13.666666666666666
202529,1,Mukesh Kumar,38,1,9,4,2,DC,MI,4.0,9.5
202529,1,Vipraj Nigam,41,2,10,3,3,DC,MI,4.0,10.25
202529,2,Boult,21,0,5,3,0,MI,DC,2.0,10.5
202529,2,Bumrah,44,4,10,6,2,MI,DC,4.0,11.0
202529,2,Chahar,25,1,5,4,0,MI,DC,3.0,8.333333333333334
202529,2,Hardik Pandya,21,0,4,1,2,MI,DC,2.0,10.5
202529,2,Karn Sharma,38,3,7,3,2,MI,DC,4.0,9.5
202529,2,Santner,44,2,2,4,1,MI,DC,4.0,11.0
202530,1,Anshul Kamboj,20,1,9,2,1,CSK,LSG,3.0,6.666666666666667
202530,1,Jadeja,24,2,6,4,0,CSK,LSG,3.0,8.0
202530,1,Jamie Overton,25,0,3,0,3,CSK,LSG,2.0,12.5
202530,1,Khaleel Ahmed,38,1,12,3,3,CSK,LSG,4.0,9.5
202530,1,Noor Ahmad,13,0,13,0,0,CSK,LSG,4.0,3.25
202530,1,Pathirana,46,3,9,2,3,CSK,LSG,4.0,11.5
202530,2,Akash Deep,13,0,2,3,0,LSG,CSK,1.0,13.0
202530,2,Avesh Khan,32,1,6,5,0,LSG,CSK,3.3,9.142857142857142
202530,2,Digvesh Rathi,23,1,10,2,0,LSG,CSK,4.0,5.75
202530,2,Markram,25,1,6,0,1,LSG,CSK,4.0,6.25
202530,2,Ravi Bishnoi,19,2,8,2,0,LSG,CSK,3.0,6.333333333333333
202530,2,Thakur,55,0,7,8,1,LSG,CSK,4.0,13.75
202531,1,Harshit Rana,26,3,12,1,3,KKR,PBKS,3.0,8.666666666666666
202531,1,Narine,14,2,9,1,0,KKR,PBKS,3.0,4.666666666666667
202531,1,Nortje,24,1,9,5,0,KKR,PBKS,3.0,8.0
202531,1,Vaibhav Arora,26,2,4,3,1,KKR,PBKS,2.3,10.4
202531,1,Varun Chakaravarthy,21,2,10,0,1,KKR,PBKS,4.0,5.25
202531,2,Arshdeep Singh,15,1,9,2,0,PBKS,KKR,3.0,5.0
202531,2,Bartlett,30,1,8,3,2,PBKS,KKR,3.0,10.0
202531,2,Chahal,28,4,14,1,2,PBKS,KKR,4.0,7.0
202531,2,Marco Jansen,17,3,12,3,0,PBKS,KKR,3.1,5.368421052631579
202531,2,Maxwell,5,1,7,0,0,PBKS,KKR,2.0,2.5
202532,1,Hasaranga,38,1,7,3,2,RR,DC,4.0,9.5
202532,1,Jofra Archer,33,2,9,5,0,RR,DC,4.0,8.25
202532,1,Riyan Parag,6,0,1,0,0,RR,DC,1.0,6.0
202532,1,Sandeep Sharma,31,1,7,1,1,RR,DC,4.0,7.75
202532,1,Theekshana,40,1,7,4,2,RR,DC,4.0,10.0
202532,1,Tushar Deshpande,38,0,2,4,2,RR,DC,3.0,12.666666666666666
202532,2,Axar,24,1,8,3,1,DC,RR,3.0,8.0
202532,2,Kuldeep Yadav,33,1,7,2,2,DC,RR,4.0,8.25
202532,2,Mitchell Starc,37,2,6,3,1,DC,RR,4.0,9.25
202532,2,Mohit Sharma,38,0,5,2,2,DC,RR,4.0,9.5
202532,2,Mukesh Kumar,31,0,5,1,3,DC,RR,3.0,10.333333333333334
202532,2,Stubbs,12,0,2,1,1,DC,RR,1.0,12.0
202532,2,Vipraj Nigam,13,1,3,1,1,DC,RR,1.0,13.0
202532,3,Mitchell Starc,11,2,2,1,0,RR,DC,0.5,13.2
202532,4,Sandeep,13,0,0,1,1,DC,RR,0.4,19.5
202533,1,Boult,29,1,6,3,0,MI,SRH,4.0,7.25
202533,1,Bumrah,21,1,8,1,0,MI,SRH,4.0,5.25
202533,1,Chahar,47,0,9,6,2,MI,SRH,4.0,11.75
202533,1,Hardik Pandya,43,1,5,2,3,MI,SRH,4.0,10.75
202533,1,Santner,8,0,1,1,0,MI,SRH,1.0,8.0
202533,1,Will Jacks,14,2,9,1,0,MI,SRH,3.0,4.666666666666667
202533,2,Cummins,26,3,13,3,1,SRH,MI,4.0,6.5
202533,2,Eshan Malinga,36,2,7,6,0,SRH,MI,4.0,9.0
202533,2,Harshal Patel,31,1,2,3,1,SRH,MI,3.0,10.333333333333334
202533,2,Rahul Chahar,9,0,2,0,1,SRH,MI,1.0,9.0
202533,2,Shami,29,0,6,1,2,SRH,MI,3.0,9.666666666666666
202533,2,Zeeshan Ansari,35,0,8,2,3,SRH,MI,3.1,11.052631578947368
202534,1,Arshdeep Singh,23,2,8,4,0,PBKS,RCB,3.0,7.666666666666667
202534,1,Bartlett,26,1,9,3,1,PBKS,RCB,3.0,8.666666666666666
202534,1,Chahal,11,2,7,0,0,PBKS,RCB,3.0,3.6666666666666665
202534,1,Harpreet Brar,25,2,8,1,2,PBKS,RCB,2.0,12.5
202534,1,Marco Jansen,10,2,11,1,0,PBKS,RCB,3.0,3.3333333333333335
202534,2,Bhuvneshwar,26,2,7,3,1,RCB,PBKS,3.0,8.666666666666666
202534,2,Hazlewood,15,3,9,0,1,RCB,PBKS,3.0,5.0
202534,2,Krunal Pandya,10,0,2,2,0,RCB,PBKS,1.0,10.0
202534,2,Suyash Sharma,29,0,8,3,2,RCB,PBKS,3.0,9.666666666666666
202534,2,Yash Dayal,18,0,5,1,1,RCB,PBKS,2.1,8.307692307692308
202535,1,Arshad Khan,45,1,6,5,2,GT,DC,4.0,11.25
202535,1,Ishant,21,1,3,1,0,GT,DC,3.0,7.0
202535,1,Prasidh,42,4,7,4,2,GT,DC,4.0,10.5
202535,1,Rashid Khan,38,0,3,0,3,GT,DC,4.0,9.5
202535,1,Sai Kishore,9,1,2,1,0,GT,DC,1.0,9.0
202535,1,Siraj,46,1,7,4,3,GT,DC,4.0,11.5
202535,2,Axar,18,0,3,1,1,DC,GT,2.0,9.0
202535,2,Kuldeep Yadav,30,1,7,2,1,DC,GT,4.0,7.5
202535,2,Mitchell Starc,49,0,4,9,1,DC,GT,3.2,14.7
202535,2,Mohit Sharma,28,0,1,2,2,DC,GT,2.0,14.0
202535,2,Mukesh Kumar,41,2,5,4,1,DC,GT,4.0,10.25
202535,2,Vipraj Nigam,38,0,9,2,3,DC,GT,4.0,9.5
202536,1,Hasaranga,32,2,7,0,3,RR,LSG,4.0,8.0
202536,1,Jofra Archer,34,1,7,4,0,RR,LSG,4.0,8.5
202536,1,Sandeep Sharma,55,1,6,4,4,RR,LSG,4.0,13.75
202536,1,Theekshana,33,0,6,2,1,RR,LSG,4.0,8.25
202536,1,Tushar Deshpande,26,1,8,2,0,RR,LSG,4.0,6.5
202536,2,Avesh Khan,37,3,6,2,2,LSG,RR,4.0,9.25
202536,2,Digvesh Rathi,30,0,7,2,1,LSG,RR,4.0,7.5
202536,2,Markram,18,1,4,0,2,LSG,RR,2.0,9.0
202536,2,Prince Yadav,40,0,9,4,2,LSG,RR,4.0,10.0
202536,2,Ravi Bishnoi,19,0,7,2,0,LSG,RR,3.0,6.333333333333333
202536,2,Thakur,34,1,5,2,3,LSG,RR,3.0,11.333333333333334
202537,1,Bhuvneshwar,26,0,9,3,0,RCB,PBKS,4.0,6.5
202537,1,Hazlewood,39,0,6,3,2,RCB,PBKS,4.0,9.75
202537,1,Krunal Pandya,25,2,10,1,1,RCB,PBKS,4.0,6.25
202537,1,Shepherd,18,1,3,2,0,RCB,PBKS,2.0,9.0
202537,1,Suyash Sharma,27,3,6,1,1,RCB,PBKS,4.0,6.75
202537,1,Yash Dayal,22,0,3,2,1,RCB,PBKS,2.0,11.0
202537,2,Arshdeep Singh,26,1,6,4,0,PBKS,RCB,3.0,8.666666666666666
202537,2,Bartlett,28,0,8,2,2,PBKS,RCB,3.0,9.333333333333334
202537,2,Chahal,36,1,5,2,2,PBKS,RCB,4.0,9.0
202537,2,Harpreet Brar,27,1,6,3,0,PBKS,RCB,4.0,6.75
202537,2,Marco Jansen,20,0,7,2,0,PBKS,RCB,3.0,6.666666666666667
202537,2,Nehal Wadhera,9,0,1,0,1,PBKS,RCB,0.5,10.799999999999999
202537,2,Stoinis,13,0,2,1,1,PBKS,RCB,1.0,13.0
202538,1,Ashwani Kumar,42,1,1,2,5,MI,CSK,2.0,21.0
202538,1,Boult,44,0,6,3,2,MI,CSK,4.0,11.0
202538,1,Bumrah,25,2,9,3,0,MI,CSK,4.0,6.25
202538,1,Chahar,32,1,11,4,0,MI,CSK,4.0,8.0
202538,1,Hardik Pandya,14,0,3,0,1,MI,CSK,2.0,7.0
202538,1,Santner,15,1,6,0,0,MI,CSK,3.0,5.0
202538,1,Will Jacks,4,0,3,0,0,MI,CSK,1.0,4.0
202538,2,Ashwin,26,0,6,1,1,CSK,MI,4.0,6.5
202538,2,Jadeja,28,1,6,2,2,CSK,MI,3.0,9.333333333333334
202538,2,Jamie Overton,28,0,4,0,3,CSK,MI,2.0,14.0
202538,2,Khaleel Ahmed,24,0,6,4,1,CSK,MI,2.0,12.0
202538,2,Noor Ahmad,36,0,3,5,1,CSK,MI,3.0,12.0
202538,2,Pathirana,34,0,2,1,4,CSK,MI,1.4,20.400000000000002
202539,1,Harshit Rana,45,1,5,6,1,KKR,GT,4.0,11.25
202539,1,Moeen Ali,27,0,6,3,1,KKR,GT,3.0,9.0
202539,1,Narine,36,0,4,2,1,KKR,GT,4.0,9.0
202539,1,Russell,13,1,2,3,0,KKR,GT,1.0,13.0
202539,1,Vaibhav Arora,44,1,7,5,2,KKR,GT,4.0,11.0
202539,1,Varun Chakaravarthy,33,0,7,5,0,KKR,GT,4.0,8.25
202539,2,Ishant,19,1,4,2,1,GT,KKR,2.0,9.5
202539,2,Prasidh,25,2,12,4,0,GT,KKR,4.0,6.25
202539,2,Rashid Khan,26,2,10,2,1,GT,KKR,4.0,6.5
202539,2,Sai Kishore,19,1,4,0,0,GT,KKR,3.0,6.333333333333333
202539,2,Siraj,34,1,11,4,1,GT,KKR,4.0,8.5
202539,2,Washington Sundar,36,1,2,2,2,GT,KKR,3.0,12.0
202540,1,Axar,29,0,6,3,0,DC,LSG,4.0,7.25
202540,1,Chameera,25,1,4,1,1,DC,LSG,3.0,8.333333333333334
202540,1,Kuldeep Yadav,33,0,4,3,0,DC,LSG,4.0,8.25
202540,1,Mitchell Starc,25,1,9,1,1,DC,LSG,4.0,6.25
202540,1,Mukesh Kumar,33,4,11,5,1,DC,LSG,4.0,8.25
202540,1,Vipraj Nigam,14,0,0,1,1,DC,LSG,1.0,14.0
202540,2,Avesh Khan,19,0,9,3,0,LSG,DC,3.0,6.333333333333333
202540,2,Digvesh Rathi,24,0,8,1,1,LSG,DC,4.0,6.0
202540,2,Markram,30,2,4,1,2,LSG,DC,3.0,10.0
202540,2,Prince Yadav,23,0,6,2,1,LSG,DC,2.5,8.117647058823529
202540,2,Ravi Bishnoi,36,0,4,0,4,LSG,DC,3.0,12.0
202540,2,Thakur,29,0,2,4,1,LSG,DC,2.0,14.5
202541,1,Boult,26,4,12,1,2,MI,SRH,4.0,6.5
202541,1,Bumrah,39,1,8,3,2,MI,SRH,4.0,9.75
202541,1,Chahar,13,2,16,1,0,MI,SRH,4.0,3.25
202541,1,Hardik Pandya,31,1,6,4,1,MI,SRH,3.0,10.333333333333334
202541,1,Santner,19,0,9,1,0,MI,SRH,4.0,4.75
202541,1,Vignesh Puthur,15,0,2,2,1,MI,SRH,1.0,15.0
202541,2,Cummins,31,0,7,3,2,SRH,MI,3.0,10.333333333333334
202541,2,Eshan Malinga,33,1,6,3,2,SRH,MI,3.0,11.0
202541,2,Harshal Patel,21,0,6,3,0,SRH,MI,3.0,7.0
202541,2,Unadkat,25,1,7,3,1,SRH,MI,3.0,8.333333333333334
202541,2,Zeeshan Ansari,36,1,6,5,1,SRH,MI,3.4,9.818181818181818
202542,1,Fazalhaq Farooqi,30,0,3,4,0,RR,RCB,3.0,10.0
202542,1,Hasaranga,30,1,4,2,0,RR,RCB,4.0,7.5
202542,1,Jofra Archer,33,2,12,5,0,RR,RCB,4.0,8.25
202542,1,Riyan Parag,30,0,5,2,2,RR,RCB,3.0,10.0
202542,1,Sandeep Sharma,46,2,5,6,1,RR,RCB,4.0,11.5
202542,1,Tushar Deshpande,36,0,2,3,3,RR,RCB,2.0,18.0
202542,2,Bhuvneshwar,50,1,11,2,6,RCB,RR,4.0,12.5
202542,2,Hazlewood,33,4,15,6,1,RCB,RR,4.0,8.25
202542,2,Krunal Pandya,31,2,8,2,1,RCB,RR,4.0,7.75
202542,2,Shepherd,15,0,2,2,1,RCB,RR,1.0,15.0
202542,2,Suyash Sharma,31,0,8,1,2,RCB,RR,4.0,7.75
202542,2,Yash Dayal,34,2,4,4,1,RCB,RR,3.0,11.333333333333334
202543,1,Cummins,22,2,8,2,0,SRH,CSK,4.0,5.5
202543,1,Harshal Patel,29,4,13,1,1,SRH,CSK,4.0,7.25
202543,1,Kamindu Mendis,26,1,7,0,3,SRH,CSK,3.0,8.666666666666666
202543,1,Shami,28,1,7,5,0,SRH,CSK,3.0,9.333333333333334
202543,1,Unadkat,21,2,7,3,0,SRH,CSK,2.5,7.411764705882352
202543,1,Zeeshan Ansari,28,0,4,2,1,SRH,CSK,3.0,9.333333333333334
202543,2,Anshul Kamboj,16,1,12,3,0,CSK,SRH,3.0,5.333333333333333
202543,2,Jadeja,23,1,8,0,1,CSK,SRH,3.4,6.272727272727273
202543,2,Khaleel Ahmed,21,1,9,3,0,CSK,SRH,3.0,7.0
202543,2,Noor Ahmad,42,2,7,3,1,CSK,SRH,4.0,10.5
202543,2,Pathirana,27,0,9,3,0,CSK,SRH,3.0,9.0
202543,2,Sam Curran,26,0,1,3,1,CSK,SRH,2.0,13.0
202544,1,Harshit Rana,27,0,4,3,2,KKR,PBKS,2.0,13.5
202544,1,Narine,35,0,6,0,3,KKR,PBKS,4.0,8.75
202544,1,Russell,27,1,4,1,2,KKR,PBKS,3.0,9.0
202544,1,Sakariya,39,0,3,4,2,KKR,PBKS,3.0,13.0
202544,1,Vaibhav Arora,34,2,9,6,0,KKR,PBKS,4.0,8.5
202544,1,Varun Chakaravarthy,39,1,8,4,2,KKR,PBKS,4.0,9.75
202544,2,Marco Jansen,7,0,3,1,0,PBKS,KKR,1.0,7.0
202545,1,Avesh Khan,42,2,6,4,2,LSG,MI,4.0,10.5
202545,1,Digvesh Rathi,48,1,5,3,4,LSG,MI,4.0,12.0
202545,1,Mayank Yadav,39,2,12,3,3,LSG,MI,4.0,9.75
202545,1,Prince Yadav,44,1,8,5,2,LSG,MI,4.0,11.0
202545,1,Ravi Bishnoi,41,1,7,3,3,LSG,MI,4.0,10.25
202545,2,Boult,21,3,10,2,0,MI,LSG,4.0,5.25
202545,2,Bumrah,22,4,14,0,2,MI,LSG,4.0,5.5
202545,2,Chahar,38,0,8,2,4,MI,LSG,3.0,12.666666666666666
202545,2,Corbin Bosch,26,1,14,2,1,MI,LSG,4.0,6.5
202545,2,Hardik Pandya,10,0,2,2,0,MI,LSG,1.0,10.0
202545,2,Karn Sharma,26,0,1,1,2,MI,LSG,2.0,13.0
202545,2,Will Jacks,18,2,4,3,0,MI,LSG,2.0,9.0
202546,1,Bhuvneshwar,34,4,9,2,2,RCB,DC,4.0,8.5
202546,1,Hazlewood,36,2,10,5,1,RCB,DC,4.0,9.0
202546,1,Krunal Pandya,28,1,5,0,1,RCB,DC,4.0,7.0
202546,1,Suyash Sharma,22,0,8,2,0,RCB,DC,4.0,5.5
202546,1,Yash Dayal,42,1,10,5,1,RCB,DC,4.0,10.5
202546,2,Axar,19,2,9,1,0,DC,RCB,4.0,4.75
202546,2,Chameera,24,1,3,1,1,DC,RCB,3.0,8.0
202546,2,Kuldeep Yadav,28,0,8,1,1,DC,RCB,4.0,7.0
202546,2,Mitchell Starc,31,0,6,4,1,DC,RCB,3.0,10.333333333333334
202546,2,Mukesh Kumar,51,1,7,5,3,DC,RCB,3.3,14.571428571428571
202546,2,Vipraj Nigam,12,0,1,0,0,DC,RCB,1.0,12.0
202547,1,Hasaranga,39,0,5,1,3,RR,GT,4.0,9.75
202547,1,Jofra Archer,49,1,6,5,3,RR,GT,4.0,12.25
202547,1,Riyan Parag,14,0,0,0,1,RR,GT,1.0,14.0
202547,1,Sandeep Sharma,34,1,6,1,1,RR,GT,4.0,8.5
202547,1,Theekshana,34,2,4,3,0,RR,GT,4.0,8.5
202547,1,Yudhvir Singh,38,0,6,3,3,RR,GT,3.0,12.666666666666666
202547,2,Ishant,35,0,4,2,4,GT,RR,2.0,17.5
202547,2,Karim Janat,30,0,0,3,3,GT,RR,1.0,30.0
202547,2,Prasidh,47,1,7,5,2,GT,RR,4.0,11.75
202547,2,Rashid Khan,25,1,9,1,1,GT,RR,4.0,6.25
202547,2,Sai Kishore,16,0,2,2,1,GT,RR,1.0,16.0
202547,2,Siraj,23,0,4,3,1,GT,RR,2.0,11.5
202547,2,Washington Sundar,34,0,1,3,3,GT,RR,1.5,18.545454545454543
202548,1,Axar,27,2,6,2,0,DC,KKR,4.0,6.75
202548,1,Chameera,45,1,4,5,2,DC,KKR,3.0,15.0
202548,1,Kuldeep Yadav,27,0,7,3,1,DC,KKR,3.0,9.0
202548,1,Mitchell Starc,46,4,9,5,3,DC,KKR,4.0,11.5
202548,1,Mukesh Kumar,17,0,6,3,0,DC,KKR,2.0,8.5
202548,1,Vipraj Nigam,41,2,7,3,2,DC,KKR,4.0,10.25
202548,2,Anukul Roy,27,2,8,3,0,KKR,DC,4.0,6.75
202548,2,Harshit Rana,49,0,8,7,2,KKR,DC,4.0,12.25
202548,2,Narine,29,3,10,0,3,KKR,DC,4.0,7.25
202548,2,Russell,23,1,4,4,0,KKR,DC,2.0,11.5
202548,2,Vaibhav Arora,19,1,5,2,1,KKR,DC,2.0,9.5
202548,2,Varun Chakaravarthy,43,2,7,5,2,KKR,DC,4.0,10.75
202549,1,Arshdeep Singh,25,2,12,2,1,PBKS,CSK,3.2,7.5
202549,1,Azmatullah,39,1,6,5,0,PBKS,CSK,4.0,9.75
202549,1,Chahal,32,4,5,2,2,PBKS,CSK,3.0,10.666666666666666
202549,1,Harpreet Brar,21,1,5,3,1,PBKS,CSK,2.0,10.5
202549,1,Marco Jansen,33,2,10,4,1,PBKS,CSK,4.0,8.25
202549,1,Suryansh Shedge,40,0,1,3,2,PBKS,CSK,3.0,13.333333333333334
202549,2,Anshul Kamboj,21,0,2,2,1,CSK,PBKS,2.0,10.5
202549,2,Jadeja,32,1,6,5,1,CSK,PBKS,3.0,10.666666666666666
202549,2,Khaleel Ahmed,29,2,12,6,0,CSK,PBKS,3.4,7.909090909090909
202549,2,Noor Ahmad,39,1,5,1,3,CSK,PBKS,4.0,9.75
202549,2,Pathirana,46,2,5,3,3,CSK,PBKS,4.0,11.5
202549,2,Sam Curran,27,0,3,2,1,CSK,PBKS,3.0,9.0
202550,1,Akash Madhwal,39,0,5,4,1,RR,MI,4.0,9.75
202550,1,Fazalhaq Farooqi,55,0,7,8,2,RR,MI,4.0,13.75
202550,1,Jofra Archer,42,0,6,3,2,RR,MI,4.0,10.5
202550,1,Kartikeya,22,0,4,3,1,RR,MI,2.0,11.0
202550,1,Riyan Parag,12,1,5,1,0,RR,MI,2.0,6.0
202550,1,Theekshana,47,1,6,7,1,RR,MI,4.0,11.75
202550,2,Boult,28,3,5,3,2,MI,RR,2.1,12.923076923076923
202550,2,Bumrah,19,2,14,3,0,MI,RR,4.0,4.75
202550,2,Chahar,13,1,9,1,0,MI,RR,2.0,6.5
202550,2,Corbin Bosch,30,0,9,2,3,MI,RR,3.0,10.0
202550,2,Hardik Pandya,2,1,4,0,0,MI,RR,1.0,2.0
202550,2,Karn Sharma,25,3,9,1,1,MI,RR,4.0,6.25
202551,1,Cummins,40,1,6,3,2,SRH,GT,4.0,10.0
202551,1,Harshal Patel,41,0,1,6,1,SRH,GT,3.0,13.666666666666666
202551,1,Kamindu Mendis,18,0,1,2,0,SRH,GT,2.0,9.0
202551,1,Shami,48,0,2,7,2,SRH,GT,3.0,16.0
202551,1,Unadkat,35,3,8,2,2,SRH,GT,4.0,8.75
202551,1,Zeeshan Ansari,42,2,4,2,2,SRH,GT,4.0,10.5
202551,2,Gerald Coetzee,36,1,5,2,1,GT,SRH,4.0,9.0
202551,2,Ishant,37,1,5,3,2,GT,SRH,3.2,11.1
202551,2,Prasidh,21,2,8,1,0,GT,SRH,4.0,5.25
202551,2,Rashid Khan,50,0,1,1,6,GT,SRH,3.0,16.666666666666668
202551,2,Sai Kishore,2,0,2,0,0,GT,SRH,0.4,3.0
202551,2,Siraj,34,2,9,4,1,GT,SRH,4.0,8.5
202551,2,Washington Sundar,6,0,1,0,0,GT,SRH,1.0,6.0
202552,1,Anshul Kamboj,25,0,7,3,1,CSK,RCB,3.0,8.333333333333334
202552,1,Jadeja,26,0,7,3,1,CSK,RCB,3.0,8.666666666666666
202552,1,Khaleel Ahmed,65,0,5,5,6,CSK,RCB,3.0,21.666666666666668
202552,1,Noor Ahmad,27,1,12,3,1,CSK,RCB,4.0,6.75
202552,1,Pathirana,36,3,10,3,2,CSK,RCB,4.0,9.0
202552,1,Sam Curran,34,1,3,3,2,CSK,RCB,3.0,11.333333333333334
202552,2,Bhuvneshwar,55,0,5,7,3,RCB,CSK,4.0,13.75
202552,2,Krunal Pandya,24,1,5,2,1,RCB,CSK,3.0,8.0
202552,2,Ngidi,30,3,9,3,1,RCB,CSK,4.0,7.5
202552,2,Shepherd,18,0,1,1,2,RCB,CSK,1.0,18.0
202552,2,Suyash Sharma,43,0,2,4,1,RCB,CSK,4.0,10.75
202552,2,Yash Dayal,41,1,4,2,1,RCB,CSK,4.0,10.25
202553,1,Akash Madhwal,48,0,4,4,4,RR,KKR,3.0,16.0
202553,1,Hasaranga,37,0,4,5,0,RR,KKR,4.0,9.25
202553,1,Jofra Archer,31,1,10,2,2,RR,KKR,4.0,7.75
202553,1,Riyan Parag,21,1,3,1,0,RR,KKR,3.0,7.0
202553,1,Theekshana,41,1,9,1,4,RR,KKR,4.0,10.25
202553,1,Yudhvir Singh,26,1,6,3,2,RR,KKR,2.0,13.0
202553,2,Harshit Rana,42,2,9,6,1,KKR,RR,4.0,10.5
202553,2,Moeen Ali,43,2,4,0,5,KKR,RR,3.0,14.333333333333334
202553,2,Narine,27,0,6,1,1,KKR,RR,4.0,6.75
202553,2,Russell,11,0,0,1,0,KKR,RR,1.0,11.0
202553,2,Vaibhav Arora,50,2,8,4,4,KKR,RR,4.0,12.5
202553,2,Varun Chakaravarthy,32,2,10,3,1,KKR,RR,4.0,8.0
202554,1,Akash Maharaj Singh,30,2,9,3,1,LSG,PBKS,4.0,7.5
202554,1,Avesh Khan,57,0,3,5,3,LSG,PBKS,4.0,14.25
202554,1,Digvesh Rathi,46,2,6,4,3,LSG,PBKS,4.0,11.5
202554,1,Mayank Yadav,60,0,6,3,6,LSG,PBKS,4.0,15.0
202554,1,Prince Yadav,43,1,7,3,3,LSG,PBKS,4.0,10.75
202554,2,Arshdeep Singh,16,3,14,1,0,PBKS,LSG,4.0,4.0
202554,2,Azmatullah,34,2,11,2,2,PBKS,LSG,4.0,8.5
202554,2,Chahal,50,1,7,3,4,PBKS,LSG,4.0,12.5
202554,2,Marco Jansen,33,1,13,3,2,PBKS,LSG,4.0,8.25
202554,2,Stoinis,17,0,0,1,1,PBKS,LSG,1.0,17.0
202554,2,Vijaykumar Vyshak,49,0,3,4,4,PBKS,LSG,3.0,16.333333333333332
202555,1,Abhishek Sharma,5,0,2,0,0,SRH,DC,1.0,5.0
202555,1,Cummins,19,3,14,2,0,SRH,DC,4.0,4.75
202555,1,Eshan Malinga,29,1,6,3,0,SRH,DC,4.0,7.25
202555,1,Harshal Patel,37,1,8,4,1,SRH,DC,4.0,9.25
202555,1,Unadkat,13,1,11,0,0,SRH,DC,4.0,3.25
202555,1,Zeeshan Ansari,30,1,6,1,3,SRH,DC,3.0,10.0
202556,1,Arshad Khan,19,1,9,3,0,GT,MI,3.0,6.333333333333333
202556,1,Gerald Coetzee,10,1,6,1,0,GT,MI,2.0,5.0
202556,1,Prasidh,38,2,9,4,2,GT,MI,4.0,9.5
202556,1,Rashid Khan,25,1,8,2,0,GT,MI,4.0,6.25
202556,1,Sai Kishore,34,2,5,1,2,GT,MI,4.0,8.5
202556,1,Siraj,29,1,7,4,1,GT,MI,3.0,9.666666666666666
202556,2,Ashwani Kumar,28,2,6,1,1,MI,GT,4.0,7.0
202556,2,Boult,22,2,11,1,1,MI,GT,4.0,5.5
202556,2,Bumrah,19,2,15,2,0,MI,GT,4.0,4.75
202556,2,Chahar,32,1,6,4,1,MI,GT,3.0,10.666666666666666
202556,2,Hardik Pandya,16,0,1,1,1,MI,GT,1.0,16.0
202556,2,Karn Sharma,13,0,3,1,0,MI,GT,2.0,6.5
202556,2,Will Jacks,15,0,3,2,1,MI,GT,1.0,15.0
202557,1,Anshul Kamboj,38,1,4,4,2,CSK,KKR,3.0,12.666666666666666
202557,1,Ashwin,20,0,10,2,1,CSK,KKR,3.0,6.666666666666667
202557,1,Jadeja,34,1,8,2,2,CSK,KKR,4.0,8.5
202557,1,Khaleel Ahmed,15,0,7,3,0,CSK,KKR,2.0,7.5
202557,1,Noor Ahmad,32,4,8,3,1,CSK,KKR,4.0,8.0
202557,1,Pathirana,40,0,2,2,2,CSK,KKR,4.0,10.0
202557,2,Harshit Rana,44,2,8,2,4,KKR,CSK,4.0,11.0
202557,2,Moeen Ali,23,1,3,1,2,KKR,CSK,2.0,11.5
202557,2,Narine,28,0,9,2,1,KKR,CSK,4.0,7.0
202557,2,Russell,22,0,5,2,1,KKR,CSK,2.4,8.25
202557,2,Vaibhav Arora,48,3,7,3,5,KKR,CSK,3.0,16.0
202557,2,Varun Chakaravarthy,18,2,12,1,0,KKR,CSK,4.0,4.5
202558,1,Axar,25,0,2,1,2,DC,PBKS,2.0,12.5
202558,1,Chameera,27,0,4,2,2,DC,PBKS,2.0,13.5
202558,1,Kuldeep Yadav,29,0,1,2,2,DC,PBKS,2.0,14.5
202558,1,Madhav Tiwari,14,0,0,2,0,DC,PBKS,1.0,14.0
202558,1,Mitchell Starc,23,0,4,5,0,DC,PBKS,2.0,11.5
202558,1,T Natarajan,4,1,4,0,0,DC,PBKS,1.1,3.4285714285714284
202559,1,Akash Madhwal,48,1,6,6,2,RR,PBKS,4.0,12.0
202559,1,Fazalhaq Farooqi,39,0,3,4,2,RR,PBKS,3.0,13.0
202559,1,Hasaranga,33,0,4,2,2,RR,PBKS,3.0,11.0
202559,1,Kwena Maphaka,36,1,7,5,2,RR,PBKS,3.0,12.0
202559,1,Riyan Parag,25,1,5,2,1,RR,PBKS,3.0,8.333333333333334
202559,1,Tushar Deshpande,37,2,9,4,1,RR,PBKS,4.0,9.25
202559,2,Arshdeep Singh,60,0,9,6,4,PBKS,RR,4.0,15.0
202559,2,Azmatullah,44,2,6,2,3,PBKS,RR,4.0,11.0
202559,2,Bartlett,12,0,3,3,0,PBKS,RR,1.0,12.0
202559,2,Chahal,30,0,8,1,2,PBKS,RR,4.0,7.5
202559,2,Harpreet Brar,22,3,9,2,0,PBKS,RR,4.0,5.5
202559,2,Marco Jansen,41,2,7,6,2,PBKS,RR,3.0,13.666666666666666
202560,1,Arshad Khan,7,1,8,0,0,GT,DC,2.0,3.5
202560,1,Prasidh,41,1,5,3,2,GT,DC,4.0,10.25
202560,1,Rabada,34,0,2,1,4,GT,DC,2.0,17.0
202560,1,Rashid Khan,33,0,3,3,0,GT,DC,4.0,8.25
202560,1,Sai Kishore,47,1,6,4,3,GT,DC,4.0,11.75
202560,1,Siraj,37,0,11,6,1,GT,DC,4.0,9.25
202560,2,Axar,35,0,5,4,2,DC,GT,3.0,11.666666666666666
202560,2,Chameera,22,0,3,2,1,DC,GT,2.0,11.0
202560,2,Kuldeep Yadav,38,0,3,1,2,DC,GT,4.0,9.5
202560,2,Mustafizur,24,0,5,3,0,DC,GT,3.0,8.0
202560,2,T Natarajan,49,0,1,5,3,DC,GT,3.0,16.333333333333332
202560,2,Vipraj Nigam,37,0,4,0,3,DC,GT,4.0,9.25
202561,1,Cummins,34,0,7,3,1,SRH,LSG,4.0,8.5
202561,1,Eshan Malinga,28,2,10,3,1,SRH,LSG,4.0,7.0
202561,1,Harsh Dubey,44,1,5,3,3,SRH,LSG,4.0,11.0
202561,1,Harshal Patel,48,1,10,5,1,SRH,LSG,4.0,12.0
202561,1,Nitish Reddy,28,3,4,2,2,SRH,LSG,2.0,14.0
202561,1,Zeeshan Ansari,22,0,0,1,1,SRH,LSG,2.0,11.0
202561,2,Akash Deep,34,0,4,3,1,LSG,SRH,3.0,11.333333333333334
202561,2,Avesh Khan,25,0,4,2,0,LSG,SRH,3.0,8.333333333333334
202561,2,Digvesh Rathi,37,2,8,4,1,LSG,SRH,4.0,9.25
202561,2,Markram,14,0,1,1,1,LSG,SRH,1.0,14.0
202561,2,Ravi Bishnoi,26,0,1,0,4,LSG,SRH,1.0,26.0
202561,2,Thakur,40,2,3,5,0,LSG,SRH,4.1,9.6
202561,2,William ORourke,31,1,5,4,2,LSG,SRH,2.2,13.285714285714285
202562,1,Akash Madhwal,30,3,7,2,0,RR,CSK,4.0,7.5
202562,1,Hasaranga,27,1,10,0,2,RR,CSK,4.0,6.75
202562,1,Kwena Maphaka,21,0,4,2,1,RR,CSK,2.0,10.5
202562,1,Riyan Parag,26,0,3,1,2,RR,CSK,2.0,13.0
202562,1,Tushar Deshpande,34,1,9,6,0,RR,CSK,4.0,8.5
202562,1,Yudhvir Singh,48,3,9,5,3,RR,CSK,4.0,12.0
202562,2,Anshul Kamboj,21,1,8,2,1,CSK,RR,3.0,7.0
202562,2,Ashwin,41,2,6,1,4,CSK,RR,4.0,10.25
202562,2,Jadeja,27,0,3,1,3,CSK,RR,2.0,13.5
202562,2,Khaleel Ahmed,35,0,6,6,1,CSK,RR,3.0,11.666666666666666
202562,2,Noor Ahmad,42,1,4,3,2,CSK,RR,3.0,14.0
202562,2,Pathirana,22,0,3,2,1,CSK,RR,2.1,10.153846153846155
202563,1,Chameera,54,1,6,3,5,DC,MI,4.0,13.5
202563,1,Kuldeep Yadav,22,1,9,1,0,DC,MI,4.0,5.5
202563,1,Mukesh Kumar,48,2,7,5,3,DC,MI,4.0,12.0
202563,1,Mustafizur,30,1,10,2,2,DC,MI,4.0,7.5
202563,1,Vipraj Nigam,26,0,7,3,0,DC,MI,4.0,6.5
202563,2,Boult,29,1,8,4,0,MI,DC,4.0,7.25
202563,2,Bumrah,12,3,12,1,0,MI,DC,3.2,3.5999999999999996
202563,2,Chahar,22,1,8,3,0,MI,DC,3.0,7.333333333333333
202563,2,Karn Sharma,31,1,4,2,2,MI,DC,3.0,10.333333333333334
202563,2,Santner,11,3,16,1,0,MI,DC,4.0,2.75
202563,2,Will Jacks,16,1,2,2,1,MI,DC,1.0,16.0
202564,1,Arshad Khan,37,1,4,3,2,GT,LSG,3.0,12.333333333333334
202564,1,Prasidh,44,0,6,3,3,GT,LSG,4.0,11.0
202564,1,Rabada,46,0,7,2,4,GT,LSG,4.0,11.5
202564,1,Rashid Khan,36,0,2,3,3,GT,LSG,2.0,18.0
202564,1,Sai Kishore,35,1,6,1,4,GT,LSG,3.0,11.666666666666666
202564,1,Siraj,37,0,10,5,1,GT,LSG,4.0,9.25
202564,2,Akash Deep,49,0,8,5,3,LSG,GT,4.0,12.25
202564,2,Akash Maharaj Singh,29,1,5,5,0,LSG,GT,3.1,9.157894736842106
202564,2,Avesh Khan,51,2,4,5,3,LSG,GT,3.5,13.304347826086955
202564,2,Ayush Badoni,4,2,2,0,0,LSG,GT,1.0,4.0
202564,2,Shahbaz Ahmed,42,1,6,2,2,LSG,GT,4.0,10.5
202564,2,William ORourke,27,3,7,3,0,LSG,GT,4.0,6.75
202565,1,Bhuvneshwar,45,1,7,3,3,RCB,SRH,4.0,11.25
202565,1,Krunal Pandya,38,1,5,1,3,RCB,SRH,4.0,9.5
202565,1,Ngidi,51,1,4,4,3,RCB,SRH,4.0,12.75
202565,1,Shepherd,15,2,5,0,1,RCB,SRH,2.0,7.5
202565,1,Suyash Sharma,46,1,2,5,3,RCB,SRH,3.0,15.333333333333334
202565,1,Yash Dayal,36,0,4,3,2,RCB,SRH,3.0,12.0
202565,2,Cummins,34,3,10,4,1,SRH,RCB,4.0,8.5
202565,2,Eshan Malinga,41,3,9,4,2,SRH,RCB,4.0,10.25
202565,2,Harsh Dubey,20,1,3,0,2,SRH,RCB,2.0,10.0
202565,2,Harshal Patel,39,1,9,5,1,SRH,RCB,3.5,10.17391304347826
202565,2,Nitish Reddy,13,1,4,0,1,SRH,RCB,2.0,6.5
202565,2,Unadkat,42,1,6,5,1,SRH,RCB,4.0,10.5
202566,1,Kuldeep Yadav,39,2,7,1,3,DC,PBKS,4.0,9.75
202566,1,Mohit Sharma,47,0,5,5,2,DC,PBKS,4.0,11.75
202566,1,Mukesh Kumar,49,1,9,6,2,DC,PBKS,4.0,12.25
202566,1,Mustafizur,33,3,8,1,2,DC,PBKS,4.0,8.25
202566,1,Vipraj Nigam,38,2,5,4,1,DC,PBKS,4.0,9.5
202566,2,Arshdeep Singh,35,0,6,4,1,PBKS,DC,4.0,8.75
202566,2,Azmatullah,46,0,6,6,2,PBKS,DC,4.0,11.5
202566,2,Harpreet Brar,41,2,5,3,2,PBKS,DC,4.0,10.25
202566,2,Marco Jansen,44,1,7,1,4,PBKS,DC,4.0,11.0
202566,2,Praveen Dubey,21,1,3,4,0,PBKS,DC,2.0,10.5
202566,2,Stoinis,21,0,1,0,2,PBKS,DC,1.3,14.0
202567,1,Arshad Khan,42,0,1,3,4,GT,CSK,2.0,21.0
202567,1,Gerald Coetzee,36,0,3,5,1,GT,CSK,3.0,12.0
202567,1,Prasidh,27,2,13,3,1,GT,CSK,4.0,6.75
202567,1,Rashid Khan,42,1,5,2,3,GT,CSK,4.0,10.5
202567,1,Sai Kishore,23,1,3,1,2,GT,CSK,2.0,11.5
202567,1,Shahrukh Khan,13,1,1,1,1,GT,CSK,1.0,13.0
202567,1,Siraj,47,0,9,4,3,GT,CSK,4.0,11.75
202567,2,Anshul Kamboj,13,3,9,0,1,CSK,GT,2.3,5.2
202567,2,Hooda,15,0,1,1,1,CSK,GT,1.0,15.0
202567,2,Jadeja,17,2,5,1,0,CSK,GT,3.0,5.666666666666667
202567,2,Khaleel Ahmed,18,1,11,3,0,CSK,GT,3.0,6.0
202567,2,Noor Ahmad,22,3,11,1,1,CSK,GT,4.0,5.5
202567,2,Pathirana,29,1,9,2,2,CSK,GT,3.0,9.666666666666666
202567,2,Shivam Dube,33,0,1,2,2,CSK,GT,2.0,16.5
202568,1,Harshit Rana,45,0,3,5,3,KKR,SRH,3.0,15.0
202568,1,Narine,42,2,8,1,4,KKR,SRH,4.0,10.5
202568,1,Nortje,63,0,5,7,3,KKR,SRH,4.0,15.75
202568,1,Russell,34,0,2,4,2,KKR,SRH,2.0,17.0
202568,1,Vaibhav Arora,39,1,9,3,2,KKR,SRH,4.0,9.75
202568,1,Varun Chakaravarthy,54,0,2,3,5,KKR,SRH,3.0,18.0
202568,2,Abhishek Sharma,26,0,3,2,2,SRH,KKR,2.0,13.0
202568,2,Cummins,25,0,6,1,3,SRH,KKR,2.0,12.5
202568,2,Eshan Malinga,31,3,10,1,3,SRH,KKR,3.4,8.454545454545455
202568,2,Harsh Dubey,34,3,10,1,3,SRH,KKR,4.0,8.5
202568,2,Harshal Patel,21,0,5,2,1,SRH,KKR,2.0,10.5
202568,2,Nitish Reddy,6,0,1,0,0,SRH,KKR,1.0,6.0
202568,2,Unadkat,25,4,11,4,0,SRH,KKR,4.0,6.25
202569,1,Arshdeep Singh,28,2,11,4,0,PBKS,MI,4.0,7.0
202569,1,Harpreet Brar,36,1,5,2,2,PBKS,MI,4.0,9.0
202569,1,Jamieson,42,0,8,5,2,PBKS,MI,4.0,10.5
202569,1,Marco Jansen,33,2,12,4,1,PBKS,MI,4.0,8.25
202569,1,Vijaykumar Vyshak,44,2,10,2,3,PBKS,MI,4.0,11.0
202569,2,Ashwani Kumar,16,0,0,3,0,MI,PBKS,1.0,16.0
202569,2,Boult,37,0,6,5,1,MI,PBKS,3.3,10.571428571428571
202569,2,Bumrah,24,1,14,3,1,MI,PBKS,4.0,6.0
202569,2,Chahar,28,0,10,3,2,MI,PBKS,3.0,9.333333333333334
202569,2,Hardik Pandya,29,0,1,2,2,MI,PBKS,2.0,14.5
202569,2,Santner,41,2,7,3,2,MI,PBKS,4.0,10.25
202569,2,Will Jacks,12,0,1,1,0,MI,PBKS,1.0,12.0
202570,1,Bhuvneshwar,47,1,7,4,3,RCB,LSG,4.0,11.75
202570,1,Krunal Pandya,14,0,5,0,1,RCB,LSG,2.0,7.0
202570,1,N Thushara,30,1,9,4,0,RCB,LSG,4.0,7.5
202570,1,Shepherd,51,1,6,2,5,RCB,LSG,4.0,12.75
202570,1,Suyash Sharma,40,0,3,3,3,RCB,LSG,3.0,13.333333333333334
202570,1,Yash Dayal,45,0,2,5,2,RCB,LSG,3.0,15.0
202570,2,Akash Maharaj Singh,40,1,6,7,0,LSG,RCB,4.0,10.0
202570,2,Avesh Khan,32,1,5,5,0,LSG,RCB,3.0,10.666666666666666
202570,2,Ayush Badoni,9,0,1,0,1,LSG,RCB,0.4,13.5
202570,2,Digvesh Rathi,36,0,5,3,1,LSG,RCB,4.0,9.0
202570,2,Shahbaz Ahmed,39,0,3,6,1,LSG,RCB,3.0,13.0
202570,2,William ORourke,74,2,3,9,4,LSG,RCB,4.0,18.5
202571,1,Bhuvneshwar,17,1,5,3,0,RCB,PBKS,2.0,8.5
202571,1,Hazlewood,21,3,10,2,1,RCB,PBKS,3.1,6.631578947368421
202571,1,Krunal Pandya,10,0,2,0,1,RCB,PBKS,1.0,10.0
202571,1,Shepherd,9,1,3,2,0,RCB,PBKS,1.0,9.0
202571,1,Suyash Sharma,18,3,10,0,1,RCB,PBKS,3.0,6.0
202571,1,Yash Dayal,26,2,11,1,1,RCB,PBKS,4.0,6.5
202571,2,Arshdeep Singh,24,0,2,3,1,PBKS,RCB,2.0,12.0
202571,2,Azmatullah,10,0,3,2,0,PBKS,RCB,1.0,10.0
202571,2,Harpreet Brar,18,0,2,1,1,PBKS,RCB,2.0,9.0
202571,2,Jamieson,27,1,9,4,1,PBKS,RCB,3.0,9.0
202571,2,Musheer Khan,27,1,1,2,2,PBKS,RCB,2.0,13.5
202572,1,Gerald Coetzee,50,0,5,0,7,GT,MI,3.0,16.666666666666668
202572,1,Prasidh,59,2,5,4,5,GT,MI,4.0,14.75
202572,1,Rashid Khan,32,0,8,2,2,GT,MI,4.0,8.0
202572,1,Sai Kishore,42,2,6,4,2,GT,MI,4.0,10.5
202572,1,Siraj,37,1,7,4,1,GT,MI,4.0,9.25
202572,1,Washington Sundar,7,0,2,1,0,GT,MI,1.0,7.0
202572,2,Ashwani Kumar,29,1,5,3,0,MI,GT,3.3,8.285714285714286
202572,2,Boult,56,2,6,1,6,MI,GT,4.0,14.0
202572,2,Bumrah,28,1,10,2,1,MI,GT,4.0,7.0
202572,2,Hardik Pandya,37,0,3,5,1,MI,GT,3.0,12.333333333333334
202572,2,Naman Dhir,9,0,1,1,0,MI,GT,1.0,9.0
202572,2,Richard Gleeson,39,1,5,7,0,MI,GT,3.3,11.142857142857142
202572,2,Santner,10,1,2,2,0,MI,GT,1.0,10.0
202573,1,Arshdeep Singh,44,0,4,7,0,PBKS,MI,4.0,11.0
202573,1,Azmatullah,45,2,5,5,1,PBKS,MI,4.0,11.25
202573,1,Chahal,39,1,7,2,3,PBKS,MI,4.0,9.75
202573,1,Jamieson,30,1,8,2,1,PBKS,MI,4.0,7.5
202573,1,Stoinis,15,1,2,1,0,PBKS,MI,1.0,15.0
202573,1,Vijaykumar Vyshak,30,1,6,1,2,PBKS,MI,3.0,10.0
202573,2,Ashwani Kumar,55,2,9,2,6,MI,PBKS,4.0,13.75
202573,2,Boult,38,2,9,7,0,MI,PBKS,4.0,9.5
202573,2,Bumrah,40,0,6,3,2,MI,PBKS,4.0,10.0
202573,2,Hardik Pandya,19,1,4,2,1,MI,PBKS,2.0,9.5
202573,2,Santner,15,0,1,1,0,MI,PBKS,2.0,7.5
202573,2,Topley,40,0,6,2,4,MI,PBKS,3.0,13.333333333333334
202574,1,Arshdeep Singh,40,3,8,3,2,PBKS,RCB,4.0,10.0
202574,1,Azmatullah,35,1,3,2,1,PBKS,RCB,4.0,8.75
202574,1,Chahal,37,1,3,1,2,PBKS,RCB,4.0,9.25
202574,1,Jamieson,48,3,9,3,4,PBKS,RCB,4.0,12.0
202574,1,Vijaykumar Vyshak,30,1,5,2,0,PBKS,RCB,4.0,7.5
202574,2,Bhuvneshwar,38,2,9,2,3,RCB,PBKS,4.0,9.5
202574,2,Hazlewood,55,1,6,3,5,RCB,PBKS,4.0,13.75
202574,2,Krunal Pandya,17,2,12,0,1,RCB,PBKS,4.0,4.25
202574,2,Shepherd,30,1,5,2,2,RCB,PBKS,3.0,10.0
202574,2,Suyash Sharma,20,0,3,0,2,RCB,PBKS,2.0,10.0
202574,2,Yash Dayal,24,1,7,2,1,RCB,PBKS,3.0,8.0
